RelativePath,Status,Variants,DeployTrees,NewestDeploy
.env.template,CONFLICT,2,13,2026-06-15T00-46
CANONICAL_ENGINE_README.md,CONFLICT,2,13,2026-06-15T00-46
CANONICAL_ENGINE_TEST_GUIDE.md,CONFLICT,2,13,2026-06-15T00-46
DEMO_CANONICAL_FIX.md,CONFLICT,2,13,2026-06-15T00-46
STARTDAY_DEMO_FIX.md,CONFLICT,2,13,2026-06-15T00-46
admin/completeTaskEntry.js,IDENTICAL,1,13,2026-06-15T00-46
admin/completeTaskEntryWithCooling.js,CONFLICT,2,13,2026-06-15T00-46
admin/demoMode.js,CONFLICT,2,13,2026-06-15T00-46
admin/generateCleaningTasks.js,IDENTICAL,1,13,2026-06-15T00-46
admin/generateDailyTaskInstances.js,IDENTICAL,1,13,2026-06-15T00-46
admin/generateEgenkontrolFromRiskAnalysis.js,IDENTICAL,1,13,2026-06-15T00-46
admin/generateRisksFromOnboardingAnswers.js,IDENTICAL,1,13,2026-06-15T00-46
admin/generateTasksFromRisks.js,IDENTICAL,1,13,2026-06-15T00-46
admin/listCollections.js,IDENTICAL,1,13,2026-06-15T00-46
admin/riskLibraryManager.js,CONFLICT,2,13,2026-06-15T00-46
admin/softArchive.js,CONFLICT,2,13,2026-06-15T00-46
admin/testRiskAnalysisGroup.js,IDENTICAL,1,13,2026-06-15T00-46
adminNormalizeRoutineData.js,CONFLICT,2,13,2026-06-15T00-46
apps/calculation/api.js,ONLY_IN_DEPLOY,1,2,2026-06-11T10-39
apps/calculation/app.json,ONLY_IN_DEPLOY,1,2,2026-06-11T10-39
apps/calculation/contracts.js,ONLY_IN_DEPLOY,1,2,2026-06-11T10-39
apps/calculation/index.js,ONLY_IN_DEPLOY,1,2,2026-06-11T10-39
apps/calculation/service.js,ONLY_IN_DEPLOY,1,2,2026-06-11T10-39
apps/menu/api.js,ONLY_IN_DEPLOY,1,2,2026-06-11T10-39
apps/menu/app.json,ONLY_IN_DEPLOY,1,2,2026-06-11T10-39
apps/menu/contracts.js,ONLY_IN_DEPLOY,1,2,2026-06-11T10-39
apps/menu/index.js,ONLY_IN_DEPLOY,1,2,2026-06-11T10-39
apps/menu/service.js,ONLY_IN_DEPLOY,1,2,2026-06-11T10-39
apps/recipes/api.js,ONLY_IN_DEPLOY,1,2,2026-06-11T10-39
apps/recipes/app.json,ONLY_IN_DEPLOY,1,2,2026-06-11T10-39
apps/recipes/contracts.js,ONLY_IN_DEPLOY,1,2,2026-06-11T10-39
apps/recipes/index.js,ONLY_IN_DEPLOY,1,2,2026-06-11T10-39
apps/recipes/service.js,ONLY_IN_DEPLOY,1,2,2026-06-11T10-39
auditCompanyLocation.js,CONFLICT,2,13,2026-06-15T00-46
call-generate-templates.js,CONFLICT,2,13,2026-06-15T00-46
call-start-day.js,CONFLICT,2,13,2026-06-15T00-46
canonicalRoutines.js,CONFLICT,3,13,2026-06-15T00-46
canonicalTaskEngine.js,CONFLICT,5,13,2026-06-15T00-46
closeDailyRun.js,CONFLICT,2,13,2026-06-15T00-46
demoCanonicalTemplates.js,CONFLICT,3,13,2026-06-15T00-46
egenkontrol/adapters/onboardingAdapter.js,CONFLICT,2,13,2026-06-15T00-46
egenkontrol/allergenData.js,CONFLICT,2,13,2026-06-15T00-46
egenkontrol/builders/templateBuilder.js,CONFLICT,2,13,2026-06-15T00-46
egenkontrol/createEgenkontrolProgramForLocation.js,IDENTICAL,1,13,2026-06-15T00-46
egenkontrol/egenkontrolGenerator.js,CONFLICT,2,13,2026-06-15T00-46
egenkontrol/evaluators/coolingEvaluator.js,CONFLICT,2,13,2026-06-15T00-46
egenkontrol/generators/taskGenerator.js,CONFLICT,2,13,2026-06-15T00-46
egenkontrol/index.js,CONFLICT,2,13,2026-06-15T00-46
egenkontrol/libraries/controlLibrary.js,CONFLICT,2,13,2026-06-15T00-46
egenkontrol/libraries/guideLibrary.js,CONFLICT,2,13,2026-06-15T00-46
egenkontrol/models/coolingHistoryModel.js,CONFLICT,2,13,2026-06-15T00-46
egenkontrol/operationalTemplateReference.js,IDENTICAL,1,13,2026-06-15T00-46
egenkontrol/registries/activityTypes.js,CONFLICT,2,13,2026-06-15T00-46
egenkontrol/registries/areaTypes.js,CONFLICT,2,13,2026-06-15T00-46
egenkontrol/registries/businessTypes.js,CONFLICT,2,13,2026-06-15T00-46
egenkontrol/registries/equipmentTypes.js,CONFLICT,2,13,2026-06-15T00-46
egenkontrol/risikoanalyseData.js,CONFLICT,2,13,2026-06-15T00-46
egenkontrol/risk-analysis-library.js,IDENTICAL,1,13,2026-06-15T00-46
egenkontrol/risk-analysis-product-resolver.js,IDENTICAL,1,13,2026-06-15T00-46
egenkontrol/utils/registryHelpers.js,CONFLICT,2,13,2026-06-15T00-46
egenkontrolGenerator.js,CONFLICT,3,13,2026-06-15T00-46
egenkontrolProgramTemplates.js,IDENTICAL,1,13,2026-06-15T00-46
egenkontrolPrograms.js,IDENTICAL,1,13,2026-06-15T00-46
equipmentRoutineGuard.js,ONLY_IN_BACKUP,1,0,
firebase-debug.log,ONLY_IN_BACKUP,1,0,
fixOnboardingStructure.js,CONFLICT,2,13,2026-06-15T00-46
generateComprehensiveHaccp.js,CONFLICT,2,13,2026-06-15T00-46
guideLibrary.js,CONFLICT,2,13,2026-06-15T00-46
guideResolver.js,CONFLICT,2,13,2026-06-15T00-46
index.js,CONFLICT,11,13,2026-06-15T00-46
index.js.bak-before-mojibake-key-fix-20260610215343,ONLY_IN_BACKUP,1,0,
index.js.bak-before-mojibake-key-fix-20260610215457,ONLY_IN_BACKUP,1,0,
index.js.bak-pos-module-20260610215239,ONLY_IN_BACKUP,1,0,
index.js.bak-quick-selected-modules-20260610171947,IDENTICAL,1,1,2026-06-10T15-21
js/canonicalRoutines.js,CONFLICT,3,13,2026-06-15T00-46
js/setupToCanonicalRoutines.js,CONFLICT,3,13,2026-06-15T00-46
lagerkontrol/adapters/firestore.js,ONLY_IN_DEPLOY,1,2,2026-06-11T10-39
lagerkontrol/api.js,ONLY_IN_DEPLOY,1,2,2026-06-11T10-39
lagerkontrol/domain/goods-receipt.js,ONLY_IN_DEPLOY,1,2,2026-06-11T10-39
lagerkontrol/domain/inventory-movement.js,ONLY_IN_DEPLOY,1,2,2026-06-11T10-39
lagerkontrol/domain/product-match.js,ONLY_IN_DEPLOY,1,2,2026-06-11T10-39
lagerkontrol/domain/quantity.js,ONLY_IN_DEPLOY,1,2,2026-06-11T10-39
lagerkontrol/index.js,ONLY_IN_DEPLOY,1,2,2026-06-11T10-39
lagerkontrol/ocr/adapters/firestore-ocr-repo.js,ONLY_IN_DEPLOY,1,2,2026-06-11T10-39
lagerkontrol/ocr/api.js,ONLY_IN_DEPLOY,1,2,2026-06-11T10-39
lagerkontrol/ocr/domain/extract-document.js,ONLY_IN_DEPLOY,1,2,2026-06-11T10-39
lagerkontrol/ocr/domain/map-extracted-fields.js,ONLY_IN_DEPLOY,1,2,2026-06-11T10-39
lagerkontrol/ocr/index.js,ONLY_IN_DEPLOY,1,2,2026-06-11T10-39
lagerkontrol/ocr/schemas.js,ONLY_IN_DEPLOY,1,2,2026-06-11T10-39
lagerkontrol/schemas.js,ONLY_IN_DEPLOY,1,2,2026-06-11T10-39
lib/ownerScope.js,IDENTICAL,1,1,2026-06-15T00-46
modules/admin/index.js,IDENTICAL,1,5,2026-06-15T00-46
modules/admin/module-access.js,CONFLICT,2,5,2026-06-15T00-46
modules/egenkontrol/README.md,CONFLICT,2,5,2026-06-15T00-46
modules/egenkontrol/deviations.js,IDENTICAL,1,5,2026-06-15T00-46
modules/egenkontrol/domain/README.md,IDENTICAL,1,5,2026-06-15T00-46
modules/egenkontrol/helpers/README.md,IDENTICAL,1,5,2026-06-15T00-46
modules/egenkontrol/index.js,CONFLICT,4,9,2026-06-15T00-46
modules/egenkontrol/processes.js,IDENTICAL,1,4,2026-06-15T00-46
modules/egenkontrol/reports.js,IDENTICAL,1,5,2026-06-15T00-46
modules/egenkontrol/risk-analysis.js,IDENTICAL,1,5,2026-06-15T00-46
modules/egenkontrol/routines.js,CONFLICT,7,9,2026-06-15T00-46
modules/egenkontrol/services/README.md,IDENTICAL,1,5,2026-06-15T00-46
modules/egenkontrol/templates.js,IDENTICAL,1,5,2026-06-15T00-46
modules/onboarding/index.js,ONLY_IN_DEPLOY,1,2,2026-06-11T10-39
modules/onboarding/moduleProvisioners.js,ONLY_IN_BACKUP,1,0,
modules/onboarding/save-onboarding-draft.js,ONLY_IN_DEPLOY,1,2,2026-06-11T10-39
modules/pos/access.js,CONFLICT,3,5,2026-06-15T00-46
modules/pos/index.js,IDENTICAL,1,5,2026-06-15T00-46
modules/pos/payments.js,CONFLICT,3,5,2026-06-15T00-46
modules/pos/product-images.js,IDENTICAL,1,5,2026-06-15T00-46
modules/pos/zettle-reader.js,CONFLICT,4,5,2026-06-15T00-46
package-lock.json,IDENTICAL,1,13,2026-06-15T00-46
package.json,IDENTICAL,1,13,2026-06-15T00-46
platform/app-registry.js,IDENTICAL,1,5,2026-06-15T00-46
platform/context.js,IDENTICAL,1,5,2026-06-15T00-46
platform/contracts.js,IDENTICAL,1,5,2026-06-15T00-46
platform/entitlements.js,IDENTICAL,1,5,2026-06-15T00-46
platform/module-pricing.js,IDENTICAL,1,5,2026-06-15T00-46
pos/payments/index.js,IDENTICAL,1,5,2026-06-15T00-46
pos/payments/manual-provider.js,IDENTICAL,1,5,2026-06-15T00-46
pos/payments/zettle-provider.js,IDENTICAL,1,5,2026-06-15T00-46
processInstances.js,CONFLICT,2,13,2026-06-15T00-46
provisioning.js,IDENTICAL,1,13,2026-06-15T00-46
public/admin/owner-dashboard.html,CONFLICT,2,12,2026-06-11T11-54
public/assets/Egenkontrol dansk 2024.pdf,IDENTICAL,1,12,2026-06-11T11-54
public/assets/Risikoanalyse_skema_Editerbar-PDF_004.pdf,IDENTICAL,1,12,2026-06-11T11-54
public/assets/dashboard.html,IDENTICAL,1,12,2026-06-11T11-54
public/assets/egenkontrolskema/Egenkontrol dansk 2024-1.png,IDENTICAL,1,12,2026-06-11T11-54
public/assets/egenkontrolskema/Egenkontrol dansk 2024-10.png,IDENTICAL,1,12,2026-06-11T11-54
public/assets/egenkontrolskema/Egenkontrol dansk 2024-11.png,IDENTICAL,1,12,2026-06-11T11-54
public/assets/egenkontrolskema/Egenkontrol dansk 2024-12.png,IDENTICAL,1,12,2026-06-11T11-54
public/assets/egenkontrolskema/Egenkontrol dansk 2024-13.png,IDENTICAL,1,12,2026-06-11T11-54
public/assets/egenkontrolskema/Egenkontrol dansk 2024-14.png,IDENTICAL,1,12,2026-06-11T11-54
public/assets/egenkontrolskema/Egenkontrol dansk 2024-15.png,IDENTICAL,1,12,2026-06-11T11-54
public/assets/egenkontrolskema/Egenkontrol dansk 2024-16.png,IDENTICAL,1,12,2026-06-11T11-54
public/assets/egenkontrolskema/Egenkontrol dansk 2024-17.png,IDENTICAL,1,12,2026-06-11T11-54
public/assets/egenkontrolskema/Egenkontrol dansk 2024-18.png,IDENTICAL,1,12,2026-06-11T11-54
public/assets/egenkontrolskema/Egenkontrol dansk 2024-19.png,IDENTICAL,1,12,2026-06-11T11-54
public/assets/egenkontrolskema/Egenkontrol dansk 2024-2.png,IDENTICAL,1,12,2026-06-11T11-54
public/assets/egenkontrolskema/Egenkontrol dansk 2024-20.png,IDENTICAL,1,12,2026-06-11T11-54
public/assets/egenkontrolskema/Egenkontrol dansk 2024-21.png,IDENTICAL,1,12,2026-06-11T11-54
public/assets/egenkontrolskema/Egenkontrol dansk 2024-22.png,IDENTICAL,1,12,2026-06-11T11-54
public/assets/egenkontrolskema/Egenkontrol dansk 2024-23.png,IDENTICAL,1,12,2026-06-11T11-54
public/assets/egenkontrolskema/Egenkontrol dansk 2024-24.png,IDENTICAL,1,12,2026-06-11T11-54
public/assets/egenkontrolskema/Egenkontrol dansk 2024-25.png,IDENTICAL,1,12,2026-06-11T11-54
public/assets/egenkontrolskema/Egenkontrol dansk 2024-3.png,IDENTICAL,1,12,2026-06-11T11-54
public/assets/egenkontrolskema/Egenkontrol dansk 2024-4.png,IDENTICAL,1,12,2026-06-11T11-54
public/assets/egenkontrolskema/Egenkontrol dansk 2024-5.png,IDENTICAL,1,12,2026-06-11T11-54
public/assets/egenkontrolskema/Egenkontrol dansk 2024-6.png,IDENTICAL,1,12,2026-06-11T11-54
public/assets/egenkontrolskema/Egenkontrol dansk 2024-7.png,IDENTICAL,1,12,2026-06-11T11-54
public/assets/egenkontrolskema/Egenkontrol dansk 2024-8.png,IDENTICAL,1,12,2026-06-11T11-54
public/assets/egenkontrolskema/Egenkontrol dansk 2024-9.png,IDENTICAL,1,12,2026-06-11T11-54
public/assets/risikoanalyse/0001.png,IDENTICAL,1,12,2026-06-11T11-54
public/assets/risikoanalyse/0002.png,IDENTICAL,1,12,2026-06-11T11-54
public/assets/risikoanalyse/0003.png,IDENTICAL,1,12,2026-06-11T11-54
public/assets/risikoanalyse/0004.png,IDENTICAL,1,12,2026-06-11T11-54
public/assets/risikoanalyse/0005.png,IDENTICAL,1,12,2026-06-11T11-54
public/assets/risikoanalyse/0006.png,IDENTICAL,1,12,2026-06-11T11-54
public/assets/risikoanalyse/0007.png,IDENTICAL,1,12,2026-06-11T11-54
public/assets/risikoanalyse/0008.png,IDENTICAL,1,12,2026-06-11T11-54
public/assets/risikoanalyse/0009.png,IDENTICAL,1,12,2026-06-11T11-54
public/assets/risikoanalyse/0010.png,IDENTICAL,1,12,2026-06-11T11-54
public/assets/risikoanalyse/0011.png,IDENTICAL,1,12,2026-06-11T11-54
public/assets/styles.css,IDENTICAL,1,12,2026-06-11T11-54
public/companies.html,IDENTICAL,1,12,2026-06-11T11-54
public/components/header.html,CONFLICT,2,12,2026-06-11T11-54
public/components/identity-block.html,CONFLICT,2,12,2026-06-11T11-54
public/components/identity-block.js,CONFLICT,2,12,2026-06-11T11-54
public/components/modal.html,IDENTICAL,1,12,2026-06-11T11-54
public/components/module-lock.js,CONFLICT,2,12,2026-06-11T11-54
public/components/risk-analysis-card.js,CONFLICT,2,12,2026-06-11T11-54
public/components/sidebar.html,CONFLICT,3,12,2026-06-11T11-54
public/cookie-indstillinger.html,IDENTICAL,1,12,2026-06-11T11-54
public/core/ai.js,IDENTICAL,1,12,2026-06-11T11-54
public/core/app.js,IDENTICAL,1,12,2026-06-11T11-54
public/core/auth.js,CONFLICT,2,12,2026-06-11T11-54
public/core/canonicalRoutines.js,CONFLICT,2,12,2026-06-11T11-54
public/core/canonicalTasks.js,CONFLICT,2,12,2026-06-11T11-54
public/core/cooling-overlay.js,CONFLICT,2,12,2026-06-11T11-54
public/core/environment.js,CONFLICT,2,12,2026-06-11T11-54
public/core/firebase-config.js,IDENTICAL,1,12,2026-06-11T11-54
public/core/hot-holding-overlay.js,CONFLICT,3,12,2026-06-11T11-54
public/core/i18n.js,CONFLICT,2,12,2026-06-11T11-54
public/core/impersonation.js,CONFLICT,2,12,2026-06-11T11-54
public/core/layout.js,CONFLICT,2,12,2026-06-11T11-54
public/core/notifications.js,IDENTICAL,1,12,2026-06-11T11-54
public/core/prettyName.js,CONFLICT,2,12,2026-06-11T11-54
public/core/processInstances.js,CONFLICT,2,12,2026-06-11T11-54
public/core/session.js,CONFLICT,2,12,2026-06-11T11-54
public/core/taskTitleResolver.js,CONFLICT,2,12,2026-06-11T11-54
public/core/tasks.js,IDENTICAL,1,12,2026-06-11T11-54
public/create-company.html,IDENTICAL,1,12,2026-06-11T11-54
public/create-location.html,IDENTICAL,1,12,2026-06-11T11-54
public/css/akademi.css,IDENTICAL,1,12,2026-06-11T11-54
public/css/dashboard.css,CONFLICT,2,12,2026-06-11T11-54
public/css/process-cards.css,CONFLICT,2,12,2026-06-11T11-54
public/css/style.css,IDENTICAL,1,12,2026-06-11T11-54
public/dashboard.html,CONFLICT,2,12,2026-06-11T11-54
public/debug-profile.html,CONFLICT,2,12,2026-06-11T11-54
public/debug-user.html,CONFLICT,2,12,2026-06-11T11-54
public/favicon.ico,IDENTICAL,1,12,2026-06-11T11-54
public/firebase-config.json,IDENTICAL,1,12,2026-06-11T11-54
public/gdpr.html,IDENTICAL,1,12,2026-06-11T11-54
public/generate-risk.html,CONFLICT,2,12,2026-06-11T11-54
public/images/awnings/awning-base.png,IDENTICAL,1,12,2026-06-11T11-54
public/images/awnings/awning-base.svg,CONFLICT,2,12,2026-06-11T11-54
public/images/camera-control.jpg,IDENTICAL,1,12,2026-06-11T11-54
public/images/klar-til-kontrol.jpg,IDENTICAL,1,12,2026-06-11T11-54
public/images/lexi_icons/cooling-critical-red.svg,CONFLICT,2,12,2026-06-11T11-54
public/images/lexi_icons/cooling-happy-green.svg,CONFLICT,2,12,2026-06-11T11-54
public/images/lexi_icons/cooling-neutral-yellow.svg,CONFLICT,2,12,2026-06-11T11-54
public/images/lexi_icons/cooling-stressed-blue.svg,CONFLICT,2,12,2026-06-11T11-54
public/images/logo.svg,IDENTICAL,1,12,2026-06-11T11-54
public/images/nedkoeling-multi.jpg,IDENTICAL,1,12,2026-06-11T11-54
public/images/presentation.jpg,IDENTICAL,1,12,2026-06-11T11-54
public/images/presentation.png,IDENTICAL,1,12,2026-06-11T11-54
public/images/staff.png,IDENTICAL,1,12,2026-06-11T11-54
public/index.html,CONFLICT,3,12,2026-06-11T11-54
public/kontrol.html,IDENTICAL,1,12,2026-06-11T11-54
public/landing-pages/aroi-d/index.html,CONFLICT,2,12,2026-06-11T11-54
public/landing-pages/template-renderer.js,CONFLICT,2,12,2026-06-11T11-54
public/landing.html,IDENTICAL,1,12,2026-06-11T11-54
public/locations.html,IDENTICAL,1,12,2026-06-11T11-54
public/modules/accounting/bilag-godkend.html,IDENTICAL,1,12,2026-06-11T11-54
public/modules/accounting/bilag-historik.html,IDENTICAL,1,12,2026-06-11T11-54
public/modules/accounting/bilag.html,IDENTICAL,1,12,2026-06-11T11-54
public/modules/accounting/js/akademi.js,IDENTICAL,1,12,2026-06-11T11-54
public/modules/accounting/js/bilag-godkend.js,IDENTICAL,1,12,2026-06-11T11-54
public/modules/accounting/js/bilag-historik.js,IDENTICAL,1,12,2026-06-11T11-54
public/modules/accounting/js/bilag.js,IDENTICAL,1,12,2026-06-11T11-54
public/modules/admin/control-center.html,CONFLICT,2,12,2026-06-11T11-54
public/modules/akademi.html/akademi.html,CONFLICT,2,12,2026-06-11T11-54
public/modules/akademi.html/certificates.html,IDENTICAL,1,12,2026-06-11T11-54
public/modules/akademi.html/courses.html,IDENTICAL,1,12,2026-06-11T11-54
public/modules/akademi.html/quizzes.html,IDENTICAL,1,12,2026-06-11T11-54
public/modules/akademi.html/staff.html,IDENTICAL,1,12,2026-06-11T11-54
public/modules/akademi/akademi.html,CONFLICT,2,12,2026-06-11T11-54
public/modules/akademi/certificates.html,CONFLICT,2,12,2026-06-11T11-54
public/modules/akademi/courses.html,CONFLICT,2,12,2026-06-11T11-54
public/modules/akademi/index.html,ONLY_IN_DEPLOY,1,2,2026-06-11T10-39
public/modules/akademi/quizzes.html,IDENTICAL,1,12,2026-06-11T11-54
public/modules/akademi/staff.html,CONFLICT,2,12,2026-06-11T11-54
public/modules/business/vision.html,CONFLICT,2,12,2026-06-11T11-54
public/modules/core/billed-arkiv.html,IDENTICAL,1,12,2026-06-11T11-54
public/modules/crm/prospects.html,CONFLICT,2,12,2026-06-11T11-54
public/modules/drift/drift.js,IDENTICAL,1,12,2026-06-11T11-54
public/modules/drift/events.html,IDENTICAL,1,12,2026-06-11T11-54
public/modules/drift/ingredients.html,IDENTICAL,1,12,2026-06-11T11-54
public/modules/drift/menu.html,IDENTICAL,1,12,2026-06-11T11-54
public/modules/drift/purchases.html,IDENTICAL,1,12,2026-06-11T11-54
public/modules/drift/recipes.html,IDENTICAL,1,12,2026-06-11T11-54
public/modules/drift/suppliers.html,IDENTICAL,1,12,2026-06-11T11-54
public/modules/egenkontrol/afvigelser-new.html,CONFLICT,2,12,2026-06-11T11-54
public/modules/egenkontrol/afvigelser.html,IDENTICAL,1,12,2026-06-11T11-54
public/modules/egenkontrol/akademi.html,CONFLICT,2,12,2026-06-11T11-54
public/modules/egenkontrol/buildRiskAnalysisFromOnboarding.js,IDENTICAL,1,12,2026-06-11T11-54
public/modules/egenkontrol/config/branches/asiatisk.js,CONFLICT,2,12,2026-06-11T11-54
public/modules/egenkontrol/config/branches/cafe.js,CONFLICT,2,12,2026-06-11T11-54
public/modules/egenkontrol/config/branches/pizzeria.js,CONFLICT,2,12,2026-06-11T11-54
public/modules/egenkontrol/config/branches/takeaway.js,CONFLICT,2,12,2026-06-11T11-54
public/modules/egenkontrol/config/countries/dk.js,CONFLICT,2,12,2026-06-11T11-54
public/modules/egenkontrol/config/countries/it.js,CONFLICT,2,12,2026-06-11T11-54
public/modules/egenkontrol/controlDefinitionRegistry.js,IDENTICAL,1,12,2026-06-11T11-54
public/modules/egenkontrol/controlFieldRenderer.js,IDENTICAL,1,12,2026-06-11T11-54
public/modules/egenkontrol/controlLibraryHelpers.js,IDENTICAL,1,12,2026-06-11T11-54
public/modules/egenkontrol/controlLibraryOperational.js,IDENTICAL,1,12,2026-06-11T11-54
public/modules/egenkontrol/controlLibraryProgram.js,IDENTICAL,1,12,2026-06-11T11-54
public/modules/egenkontrol/controlLibraryVerification.js,IDENTICAL,1,12,2026-06-11T11-54
public/modules/egenkontrol/egenkontrol.js,IDENTICAL,1,12,2026-06-11T11-54
public/modules/egenkontrol/egenkontrolDefinitions.js,IDENTICAL,1,12,2026-06-11T11-54
public/modules/egenkontrol/egenkontrolGenerator.js,CONFLICT,2,12,2026-06-11T11-54
public/modules/egenkontrol/front.html,IDENTICAL,1,12,2026-06-11T11-54
public/modules/egenkontrol/generateControlTemplates.js,IDENTICAL,1,12,2026-06-11T11-54
public/modules/egenkontrol/generateDailyTaskInstances.js,IDENTICAL,1,12,2026-06-11T11-54
public/modules/egenkontrol/generateVerificationInstances.js,IDENTICAL,1,12,2026-06-11T11-54
public/modules/egenkontrol/generators/buildEgenkontrolProgram.js,CONFLICT,2,12,2026-06-11T11-54
public/modules/egenkontrol/generators/buildPersonalisering.js,CONFLICT,2,12,2026-06-11T11-54
public/modules/egenkontrol/generators/buildProcedurer.js,CONFLICT,2,12,2026-06-11T11-54
public/modules/egenkontrol/generators/buildSkemaer.js,CONFLICT,2,12,2026-06-11T11-54
public/modules/egenkontrol/generators/buildUnits.js,CONFLICT,2,12,2026-06-11T11-54
public/modules/egenkontrol/guideLibrary-test.js,CONFLICT,2,12,2026-06-11T11-54
public/modules/egenkontrol/guideLibrary-v2.js,CONFLICT,2,12,2026-06-11T11-54
public/modules/egenkontrol/guideLibrary.js,CONFLICT,2,12,2026-06-11T11-54
public/modules/egenkontrol/logbooks.html,IDENTICAL,1,12,2026-06-11T11-54
public/modules/egenkontrol/luk-dag.html,CONFLICT,2,12,2026-06-11T11-54
public/modules/egenkontrol/onboarding.html,IDENTICAL,1,12,2026-06-11T11-54
public/modules/egenkontrol/onboardingGenerator.js,IDENTICAL,1,12,2026-06-11T11-54
public/modules/egenkontrol/onboardingPresets.js,IDENTICAL,1,12,2026-06-11T11-54
public/modules/egenkontrol/onboardingService.js,IDENTICAL,1,12,2026-06-11T11-54
public/modules/egenkontrol/process-dashboard.js,CONFLICT,2,12,2026-06-11T11-54
public/modules/egenkontrol/process-section.html,CONFLICT,2,12,2026-06-11T11-54
public/modules/egenkontrol/rapport-view.html,CONFLICT,2,12,2026-06-11T11-54
public/modules/egenkontrol/rapporter-list.html,CONFLICT,2,12,2026-06-11T11-54
public/modules/egenkontrol/rapporter.html,IDENTICAL,1,12,2026-06-11T11-54
public/modules/egenkontrol/restaurantTypeProfiles.js,IDENTICAL,1,12,2026-06-11T11-54
public/modules/egenkontrol/risikoanalyse.html,CONFLICT,2,12,2026-06-11T11-54
public/modules/egenkontrol/risk-analysis-library.js,IDENTICAL,1,12,2026-06-11T11-54
public/modules/egenkontrol/riskAnalysisBuilder.js,IDENTICAL,1,12,2026-06-11T11-54
public/modules/egenkontrol/riskAnalysisControlMap.js,IDENTICAL,1,12,2026-06-11T11-54
public/modules/egenkontrol/riskAnalysisHtmlRenderer.js,IDENTICAL,1,12,2026-06-11T11-54
public/modules/egenkontrol/riskAnalysisMasterLibrary.js,CONFLICT,2,12,2026-06-11T11-54
public/modules/egenkontrol/riskAnalysisService.js,CONFLICT,2,12,2026-06-11T11-54
public/modules/egenkontrol/riskAnalysisStyles.js,IDENTICAL,1,12,2026-06-11T11-54
public/modules/egenkontrol/riskToRoutineTransformer.js,CONFLICT,2,12,2026-06-11T11-54
public/modules/egenkontrol/runEgenkontrolForToday.js,IDENTICAL,1,12,2026-06-11T11-54
public/modules/egenkontrol/rutiner-cooling-ui.js,CONFLICT,2,12,2026-06-11T11-54
public/modules/egenkontrol/rutiner.html,IDENTICAL,1,12,2026-06-11T11-54
public/modules/egenkontrol/seedEgenkontrolPrograms.js,IDENTICAL,1,12,2026-06-11T11-54
public/modules/egenkontrol/services/egenkontrolService.js,CONFLICT,2,12,2026-06-11T11-54
public/modules/egenkontrol/start-dag.html,IDENTICAL,1,12,2026-06-11T11-54
public/modules/egenkontrol/syncAndGenerateEgenkontrolForDate.js,IDENTICAL,1,12,2026-06-11T11-54
public/modules/egenkontrol/syncControlTemplatesToFirestore.js,IDENTICAL,1,12,2026-06-11T11-54
public/modules/egenkontrol/test-risk-to-routine.js,ONLY_IN_DEPLOY,2,12,2026-06-11T11-54
public/modules/egenkontrol/units.html,CONFLICT,2,12,2026-06-11T11-54
public/modules/egenkontrol/view-haccp.html,IDENTICAL,1,12,2026-06-11T11-54
public/modules/i18n/INTEGRATION_GUIDE.md,CONFLICT,2,12,2026-06-11T11-54
public/modules/i18n/README.md,CONFLICT,2,12,2026-06-11T11-54
public/modules/i18n/da.js,CONFLICT,2,12,2026-06-11T11-54
public/modules/i18n/en.js,CONFLICT,2,12,2026-06-11T11-54
public/modules/i18n/index.js,CONFLICT,2,12,2026-06-11T11-54
public/modules/i18n/language-switcher.js,CONFLICT,2,12,2026-06-11T11-54
public/modules/i18n/rtl.css,CONFLICT,2,12,2026-06-11T11-54
public/modules/kalkulation/index.html,IDENTICAL,1,12,2026-06-11T11-54
public/modules/kalkulation/kalkulation.js,IDENTICAL,1,12,2026-06-11T11-54
public/modules/kalkulation/menukort.js,IDENTICAL,1,12,2026-06-11T11-54
public/modules/kalkulation/udbringning.js,IDENTICAL,1,12,2026-06-11T11-54
public/modules/lager/dashboard.html,CONFLICT,2,12,2026-06-11T11-54
public/modules/lager/profit-dashboard.html,CONFLICT,2,12,2026-06-11T11-54
public/modules/lager/scanner.html,CONFLICT,2,12,2026-06-11T11-54
public/modules/menu/events.html,IDENTICAL,1,12,2026-06-11T11-54
public/modules/menu/ingredients.html,IDENTICAL,1,12,2026-06-11T11-54
public/modules/menu/menu.html,IDENTICAL,1,12,2026-06-11T11-54
public/modules/menu/purchases.html,IDENTICAL,1,12,2026-06-11T11-54
public/modules/menu/recipes.html,IDENTICAL,1,12,2026-06-11T11-54
public/modules/menu/suppliers.html,IDENTICAL,1,12,2026-06-11T11-54
public/modules/platform/unified-core-schema.json,IDENTICAL,1,12,2026-06-11T11-54
public/modules/platform/unified-core.html,IDENTICAL,1,12,2026-06-11T11-54
public/modules/platform/unified-core.js,IDENTICAL,1,12,2026-06-11T11-54
public/modules/projectbase/project-status-v1.html,IDENTICAL,1,12,2026-06-11T11-54
public/modules/projectbase/project-status-v2.html,IDENTICAL,1,12,2026-06-11T11-54
public/modules/sensorer/sensorer.js,IDENTICAL,1,12,2026-06-11T11-54
public/modules/seo/generator.html,CONFLICT,2,12,2026-06-11T11-54
public/modules/seo/generator/generator-awning-functions.js,CONFLICT,2,10,2026-06-11T11-54
public/modules/seo/generator/generator-core.js,IDENTICAL,1,12,2026-06-11T11-54
public/modules/seo/generator/generator-runner.js,IDENTICAL,1,12,2026-06-11T11-54
public/modules/seo/seo.registry.json,CONFLICT,2,9,2026-06-11T11-54
public/modules/skole/skole-akedemi-v1.html,IDENTICAL,1,12,2026-06-11T11-54
public/modules/skole/skole-akedemi-v2.html,IDENTICAL,1,12,2026-06-11T11-54
public/modules/skole/skole.js,IDENTICAL,1,12,2026-06-11T11-54
public/modules/vedligehold/vedligehold.js,IDENTICAL,1,12,2026-06-11T11-54
public/modules/water/dashboard.html,IDENTICAL,1,12,2026-06-11T11-54
public/modules/water/production.html,IDENTICAL,1,12,2026-06-11T11-54
public/modules/water/systems.html,IDENTICAL,1,12,2026-06-11T11-54
public/modules/water/technician.html,IDENTICAL,1,12,2026-06-11T11-54
public/onboarding.html,IDENTICAL,1,12,2026-06-11T11-54
public/privatlivspolitik.html,IDENTICAL,1,12,2026-06-11T11-54
public/quick-onboarding.html,CONFLICT,2,12,2026-06-11T11-54
public/robots.txt,CONFLICT,2,12,2026-06-11T11-54
public/scripts/audit-guide-mapping.cjs,ONLY_IN_DEPLOY,2,12,2026-06-11T11-54
public/scripts/audit-guide-semantics.cjs,ONLY_IN_DEPLOY,1,12,2026-06-11T11-54
public/scripts/audit-semantic-mappings.cjs,ONLY_IN_DEPLOY,2,12,2026-06-11T11-54
public/scripts/call-firebase-function.cjs,ONLY_IN_DEPLOY,2,12,2026-06-11T11-54
public/scripts/check-guidekey-integrity.cjs,ONLY_IN_DEPLOY,2,12,2026-06-11T11-54
public/scripts/check-task-templates.cjs,ONLY_IN_DEPLOY,1,12,2026-06-11T11-54
public/scripts/check-templates.cjs,ONLY_IN_DEPLOY,2,12,2026-06-11T11-54
public/scripts/delete-daily-runs.cjs,ONLY_IN_DEPLOY,1,12,2026-06-11T11-54
public/scripts/delete-egenkontrol-data-for-location.cjs,ONLY_IN_DEPLOY,1,12,2026-06-11T11-54
public/scripts/delete-task-instances.cjs,ONLY_IN_DEPLOY,1,12,2026-06-11T11-54
public/scripts/delete-task-templates.cjs,ONLY_IN_DEPLOY,1,12,2026-06-11T11-54
public/scripts/demo.js,ONLY_IN_DEPLOY,1,12,2026-06-11T11-54
public/scripts/fetch-broken-templates.cjs,ONLY_IN_DEPLOY,2,12,2026-06-11T11-54
public/scripts/fetch-real-task-instances.cjs,ONLY_IN_DEPLOY,2,12,2026-06-11T11-54
public/scripts/fetch-task-instances-sample.cjs,ONLY_IN_DEPLOY,2,12,2026-06-11T11-54
public/scripts/find-wrong-temperature-mappings.cjs,ONLY_IN_DEPLOY,2,12,2026-06-11T11-54
public/scripts/firebase.js,ONLY_IN_DEPLOY,2,12,2026-06-11T11-54
public/scripts/fix-broken-templates.cjs,ONLY_IN_DEPLOY,2,12,2026-06-11T11-54
public/scripts/fix-equipment-maintenance-templates.cjs,ONLY_IN_DEPLOY,2,12,2026-06-11T11-54
public/scripts/fix-modtagekontrol.cjs,ONLY_IN_DEPLOY,2,12,2026-06-11T11-54
public/scripts/fix-semantic-mappings.cjs,ONLY_IN_DEPLOY,2,12,2026-06-11T11-54
public/scripts/fix-temperature-guidekeys.cjs,ONLY_IN_DEPLOY,2,12,2026-06-11T11-54
public/scripts/inspect-modtagekontrol.cjs,ONLY_IN_DEPLOY,2,12,2026-06-11T11-54
public/scripts/inspect-templates.cjs,ONLY_IN_DEPLOY,2,12,2026-06-11T11-54
public/scripts/migrate-guides-v2.cjs,ONLY_IN_DEPLOY,2,12,2026-06-11T11-54
public/scripts/migrate-guides.cjs,ONLY_IN_DEPLOY,2,12,2026-06-11T11-54
public/scripts/migrate-task-evaluations.js,ONLY_IN_DEPLOY,1,12,2026-06-11T11-54
public/scripts/refine-guidekeys.cjs,ONLY_IN_DEPLOY,2,12,2026-06-11T11-54
public/scripts/regenerate-templates.cjs,ONLY_IN_DEPLOY,2,12,2026-06-11T11-54
public/scripts/repair-guide-mapping.cjs,ONLY_IN_DEPLOY,2,12,2026-06-11T11-54
public/scripts/seed-company-location.cjs,ONLY_IN_DEPLOY,1,12,2026-06-11T11-54
public/scripts/seed-firestore-collections.js,ONLY_IN_DEPLOY,1,12,2026-06-11T11-54
public/scripts/seed-firestore-from-scratch.cjs,ONLY_IN_DEPLOY,1,12,2026-06-11T11-54
public/scripts/semantic-remap-guidekeys.cjs,ONLY_IN_DEPLOY,2,12,2026-06-11T11-54
public/scripts/set-controltype-on-templates.cjs,ONLY_IN_DEPLOY,2,12,2026-06-11T11-54
public/scripts/test-equipment-maintenance-mapping.cjs,ONLY_IN_DEPLOY,2,12,2026-06-11T11-54
public/scripts/trigger-regeneration.cjs,ONLY_IN_DEPLOY,2,12,2026-06-11T11-54
public/scripts/trigger-via-admin.cjs,ONLY_IN_DEPLOY,2,12,2026-06-11T11-54
public/scripts/verify-actual-guides.cjs,ONLY_IN_DEPLOY,2,12,2026-06-11T11-54
public/scripts/verify-guide-system.cjs,ONLY_IN_DEPLOY,2,12,2026-06-11T11-54
public/scripts/verify-remaining-guides.cjs,ONLY_IN_DEPLOY,2,12,2026-06-11T11-54
public/scripts/verify-task-instances.cjs,ONLY_IN_DEPLOY,2,12,2026-06-11T11-54
public/scripts/wipe-firestore-all.cjs,ONLY_IN_DEPLOY,1,12,2026-06-11T11-54
public/seed-data/generateBusinessSetup.js,ONLY_IN_DEPLOY,1,12,2026-06-11T11-54
public/seed-data/generateCompanySetup.js,ONLY_IN_DEPLOY,1,12,2026-06-11T11-54
public/seed-data/generateDailyTasks.js,ONLY_IN_DEPLOY,1,12,2026-06-11T11-54
public/seed-data/generateRiskProfile.js,ONLY_IN_DEPLOY,1,12,2026-06-11T11-54
public/seed-data/importActivityProfiles.js,ONLY_IN_DEPLOY,1,12,2026-06-11T11-54
public/seed-data/importAlerts.js,ONLY_IN_DEPLOY,1,12,2026-06-11T11-54
public/seed-data/importAreas.js,ONLY_IN_DEPLOY,1,12,2026-06-11T11-54
public/seed-data/importCompanies.js,ONLY_IN_DEPLOY,1,12,2026-06-11T11-54
public/seed-data/importControlPointTemplates.js,ONLY_IN_DEPLOY,1,12,2026-06-11T11-54
public/seed-data/importLocations.js,ONLY_IN_DEPLOY,1,12,2026-06-11T11-54
public/seed-data/importMemberships.js,ONLY_IN_DEPLOY,1,12,2026-06-11T11-54
public/seed-data/importRequirementTemplates.js,ONLY_IN_DEPLOY,1,12,2026-06-11T11-54
public/seed-data/importRiskTemplates.js,ONLY_IN_DEPLOY,1,12,2026-06-11T11-54
public/seed-data/importTaskEntries.js,ONLY_IN_DEPLOY,1,12,2026-06-11T11-54
public/seed-data/importTasks.js,ONLY_IN_DEPLOY,1,12,2026-06-11T11-54
public/seed-data/importUnits.js,ONLY_IN_DEPLOY,1,12,2026-06-11T11-54
public/seed-data/importUsers.js,ONLY_IN_DEPLOY,1,12,2026-06-11T11-54
public/seed-data/kalkulation/allergens.json,ONLY_IN_DEPLOY,1,12,2026-06-11T11-54
public/seed-data/kalkulation/ingredient-categories.json,ONLY_IN_DEPLOY,1,12,2026-06-11T11-54
public/seed-data/kalkulation/ingredient-suppliers.json,ONLY_IN_DEPLOY,1,12,2026-06-11T11-54
public/seed-data/kalkulation/ingredients.json,ONLY_IN_DEPLOY,1,12,2026-06-11T11-54
public/seed-data/kalkulation/recipe-categories.json,ONLY_IN_DEPLOY,1,12,2026-06-11T11-54
public/seed-data/kalkulation/recipes.json,ONLY_IN_DEPLOY,1,12,2026-06-11T11-54
public/seed-data/kalkulation/suppliers.json,ONLY_IN_DEPLOY,1,12,2026-06-11T11-54
public/seed-data/kalkulation/unit-types.json,ONLY_IN_DEPLOY,1,12,2026-06-11T11-54
public/seed-data/resetDailyData.js,ONLY_IN_DEPLOY,1,12,2026-06-11T11-54
public/seed-data/resetDatabase.js,ONLY_IN_DEPLOY,1,12,2026-06-11T11-54
public/seed-data/seed-task-templates.js,ONLY_IN_DEPLOY,1,12,2026-06-11T11-54
public/seed-data/seedAll.js,ONLY_IN_DEPLOY,1,12,2026-06-11T11-54
public/seed-data/standard-tasks.json,ONLY_IN_DEPLOY,1,12,2026-06-11T11-54
public/seed-data/tasks.json,ONLY_IN_DEPLOY,1,12,2026-06-11T11-54
public/sitemap.xml,CONFLICT,2,12,2026-06-11T11-54
public/styles/identity-block.css,CONFLICT,2,12,2026-06-11T11-54
public/support.html,CONFLICT,2,12,2026-06-11T11-54
public/tak.html,CONFLICT,2,12,2026-06-11T11-54
public/test-egenkontrol.html,ONLY_IN_DEPLOY,2,12,2026-06-11T11-54
public/test-manual-risk-generation.html,ONLY_IN_DEPLOY,2,12,2026-06-11T11-54
public/test-risk-console.html,ONLY_IN_DEPLOY,2,12,2026-06-11T11-54
public/test-risk-simple.html,ONLY_IN_DEPLOY,2,12,2026-06-11T11-54
public/uploads/servercomands.html,IDENTICAL,1,12,2026-06-11T11-54
public/uploads/wildcard-subdomain-setup.html,CONFLICT,2,12,2026-06-11T11-54
public/user-data-deletion.html,IDENTICAL,1,12,2026-06-11T11-54
public/vilkaar-og-betingelser.html,IDENTICAL,1,12,2026-06-11T11-54
publicApi.js,ONLY_IN_DEPLOY,1,2,2026-06-11T10-39
read-snapshot.js,CONFLICT,2,13,2026-06-15T00-46
recallAutoTemplates.js,IDENTICAL,1,13,2026-06-15T00-46
riskAnalysisLibrary.js,CONFLICT,2,13,2026-06-15T00-46
riskToRoutineTransformer.js,CONFLICT,2,13,2026-06-15T00-46
scenarioBasedHaccp.js,CONFLICT,2,13,2026-06-15T00-46
scripts/auditOwnerScopes.js,IDENTICAL,1,1,2026-06-15T00-46
scripts/backfillOwnerScopes.js,IDENTICAL,1,1,2026-06-15T00-46
scripts/cleanupCanonicalDuplicates.js,ONLY_IN_BACKUP,1,0,
scripts/enrichEmptyProspectsFromCvr.js,ONLY_IN_BACKUP,1,0,
scripts/fixAfCrossTenantScope.js,ONLY_IN_BACKUP,1,0,
scripts/generateMemorySeed.js,IDENTICAL,1,13,2026-06-15T00-46
scripts/migrateAroidTaskEntriesLegacyToCanonical.js,ONLY_IN_BACKUP,1,0,
scripts/migrateFrequencyFields.cjs,CONFLICT,2,13,2026-06-15T00-46
scripts/patchTemperatureMeasurementFields.js,ONLY_IN_BACKUP,1,0,
scripts/promotePlatformSuperAdmin.js,ONLY_IN_BACKUP,1,0,
scripts/reactivateCanonicalGenericTemplates.js,ONLY_IN_BACKUP,1,0,
scripts/repairEgenkontrolRoutineMasterlist.js,CONFLICT,2,3,2026-06-15T00-46
scripts/repairSupawanAroidCanonicalScope.js,IDENTICAL,1,1,2026-06-15T00-46
scripts/resetAltDemoData.js,IDENTICAL,1,13,2026-06-15T00-46
scripts/restoreAroidMasterdataLegacyToCanonical.js,ONLY_IN_BACKUP,1,0,
scripts/restoreSupawanAroidOwner.js,CONFLICT,2,5,2026-06-15T00-46
scripts/reverseMigrateAroidTaskEntries.js,ONLY_IN_BACKUP,1,0,
scripts/runCanonicalEngineRestore.js,ONLY_IN_BACKUP,1,0,
scripts/seedMinimalEgenkontrolForUser.cjs,CONFLICT,3,13,2026-06-15T00-46
scripts/seedUserCompany.cjs,IDENTICAL,1,13,2026-06-15T00-46
scripts/sletAlleFirmaer.js,IDENTICAL,1,13,2026-06-15T00-46
scripts/splitMemorySeed.js,IDENTICAL,1,13,2026-06-15T00-46
scripts/testScheduleConsistency.cjs,CONFLICT,2,13,2026-06-15T00-46
security/environmentGuard.js,CONFLICT,2,13,2026-06-15T00-46
shared-tools/seo.registry.json,CONFLICT,2,10,2026-06-15T00-46
shared/egenkontrolDefinitions.js,IDENTICAL,1,13,2026-06-15T00-46
startDayForLocation.js,CONFLICT,2,13,2026-06-15T00-46
startDayForLocationCanonical.js,CONFLICT,3,13,2026-06-15T00-46
test-egenkontrol-system.js,CONFLICT,2,13,2026-06-15T00-46
test-new-motor-with-mock-data.js,CONFLICT,2,13,2026-06-15T00-46
test-real-firestore-data.js,CONFLICT,2,13,2026-06-15T00-46
test-v2-dry-run.js,CONFLICT,2,13,2026-06-15T00-46
test-v2-write-and-verify.js,CONFLICT,2,13,2026-06-15T00-46
test/testProcessFlow.js,CONFLICT,2,13,2026-06-15T00-46
trigger-provision-snapshot.js,CONFLICT,2,13,2026-06-15T00-46
water-module.js,IDENTICAL,1,13,2026-06-15T00-46